id,alarm_time,message
2024090112399,2024-09-01 06:30:00,"Wake up and start your day with meditation."
2024090112400,2024-09-01 07:30:00,"Get ready for work and prepare for your commute."
2024090112401,2024-09-01 22:00:00,"Time to wind down and prepare for bed."
2024090212354,2024-09-02 06:30:00,"Wake up and prepare for the yoga session."
2024090212356,2024-09-02 13:00:00,"Have a light lunch and prepare for the commute to the hospital."
2024090312399,2024-09-03 06:30:00,"Wake up and start the day with meditation."
2024090312400,2024-09-03 08:45:00,"Quick tidy-up and prepare a packed lunch."
2024090412399,2024-09-04 06:30:00,"Wake up and start your day with meditation."
2024090412400,2024-09-04 10:00:00,"Prepare for the professional development seminar."
2024090412402,2024-09-04 19:30:00,"Prepare a home-cooked vegetarian dinner."
2024090512345,2024-09-05 06:30:00,"Wake up and start your morning walk."
2024090523456,2024-09-05 21:30:00,"Prepare for bed and set an alarm for tomorrow."
2024090612399,2024-09-06 06:30:00,"Wake up and start your morning meditation."
2024090612400,2024-09-06 07:30:00,"Get ready for the day and prepare to commute."
2024090712399,2024-09-07 06:30:00,"Wake up and start the day with meditation."
2024090712401,2024-09-07 23:00:00,"Prepare for bed and ensure a restful night's sleep."
2024090812399,2024-09-08 06:30:00,"Wake up and start your day with yoga."
2024090812401,2024-09-08 22:00:00,"Time to sleep and recharge for tomorrow."
2024090912399,2024-09-09 06:30:00,"Wake up and prepare for the day."
2024090912400,2024-09-09 08:00:00,"Commute to the hospital by bike."
2024090912403,2024-09-09 21:30:00,"Plan the next day's activities and set intentions before heading to bed."